{"rec_err_mean": [0.09929614936528006, 0.10714446259827018], "rec_shear": [[-0.2554917456914589, -0.26264931594762064], [0.21970954840791276, -0.07231025435788921], [-0.01760771983725298, 0.1073290567051363], [0.02967560829575476, 0.0535048809346804], [0.09882134064383986, -0.05338944667055034], [0.08643726071095957, -0.03200002062508158], [0.08628741407943594, -0.026111217667899457], [0.06216775549225132, -0.0719617986376223], [-0.16808859663020304, 0.04628591901226972], [-0.06410455865722127, 0.23460089375153775], [0.09501816017934758, -0.22903177449816425], [0.15087984159250326, -0.05124899525182457], [-0.19755584961186742, -0.13184428236716136], [0.03107438634438306, -0.09359094689687489], [-0.13752859831036082, -0.23156120018871124], [0.024859422676061015, -0.01860956082505174], [-0.04380520666964322, 0.1580052808327106], [0.0899019838851298, 0.22611178454409447], [0.07684864913126224, 0.009646068731986382], [0.07037637629365627, 0.017190269169098563], [-0.11763769412981179, 0.06269820534061585], [0.022308182932690032, 0.2593371921269672], [0.032327936806749245, 0.07126322089741041], [0.035486585253991614, -0.1445130258427724], [0.013347379279235287, 0.07372823026937124], [0.07314927640361472, 0.049324091978970606], [0.12088326246579964, 0.040197831840557544], [-0.18783828506150552, 0.03193605410341192], [-0.1152633984121924, 0.05114396069655075], [0.0040685883181878525, -0.07256791496107867], [0.015262754004329825, -0.08324075391223777], [-0.20166388580564623, -0.1825908206450381], [0.09346772450035136, -0.1588447862290759], [-0.030482382264005185, 0.02897079225497034], [-0.23850953888508625, 0.020034472053250527], [-0.10982617792180324, -0.05510454232826856], [0.34752865753538115, -0.007376407253771898], [-0.043550413450685735, 0.05044568000288284], [-0.14265887207793687, -0.31183709318493946], [0.0936958791332878, -0.10883077946110929], [-0.00617327887454439, -0.21936533736029745], [-0.0206733015977167, 0.030806882119113633], [0.01593603907865488, 0.14782945373035922], [0.012781682215817316, 0.000904693072783928], [-0.009004130369399364, 0.24200670822836873], [-0.1925916211103752, -0.24287639904142955], [0.09870745795966578, -0.06687818900000161], [-0.0032567062320329188, -0.021256632990904044], [0.10581478092170045, 0.036884801601136004], [0.06656411702776906, 0.04432979361085659], [-0.16545334012054558, -0.0841239112112792], [0.15303297316721873, -0.09377903374322057], [0.058530357547699516, -0.1043386152173118], [-0.09462125894270694, 0.030846845179731363], [0.11375996421233779, -0.10645130680750138], [0.12052353342250205, -0.003853565194939896], [0.02179445310596701, 0.10335695383321654], [0.014674315663540096, 0.26598872528887024], [0.09824596457994034, -0.06151258599509781], [-0.0568558864255904, -0.2281171623938932], [-0.06286800827804548, -0.09918933154214708], [0.060024698069428534, 0.021618390217019525], [-0.02677560368723796, -0.028387711959750723], [0.08989445468176897, 0.15721116361849088], [0.02541715652439333, -5.954088256505502e-05], [0.018022125716937006, -0.004361195449440184], [-0.038230531974040874, -0.004194008185882884], [0.02336526342674681, 0.09464834806324769], [0.07874772621587472, -0.02826895345578772], [-0.4098043109304727, -0.07775347842621762], [-0.08527857123137833, 0.06441154184073249], [0.13272447548505506, -0.27814638592469526], [-0.08199844379414219, -0.3150916284716393], [0.07724331692068295, -0.00868566534727523], [-0.1471344669476172, 0.26134370790611117], [0.05062044858702809, -0.06870130462807977], [-0.16417864158118237, -0.008658505173416892], [0.07678906691077081, -0.08127138573017019], [-0.11159671206450197, 0.10828421521589247], [0.003833996933649292, 0.026356046400212097], [0.004246356757418873, 0.04967189159724273], [-0.13181945587971228, -0.002090580875112895], [0.11312963526833283, 0.08949012864031264], [-0.06875552856006745, 0.06670764570202745], [-0.20623544358852075, 0.252165562907478], [-0.0980926995040011, 0.05881973394429069], [-0.1245213825689163, -0.08032522207615705], [0.0666999062615765, 0.06656790397050125], [-0.04068207792680637, 0.05076577322929757], [-0.08562772283494384, 0.00012864714630201213], [-0.03085003923953698, -0.0017709361769196524], [-0.33350784801535294, 0.33520012957217715], [-0.07410818847824217, -0.021532375125139343], [0.007422691305548301, -0.01579441690295522], [-0.1799318516446309, -0.12359047120870588], [0.12472615205784884, 0.05249978227766133], [-0.07037916329812592, 0.1649636040612393], [-0.05077894553851126, 0.0980390042482274], [-0.03009841598876312, 0.08145909337341645], [-0.06397728601162975, 0.033473443823092995], [0.05702476385346986, 0.016142537809618305]],